,0,1,selected,features
0,-0.13,0.1,N,AMG0
1,-0.02,0.14,N,AMG1
2,0.09,0.31,Y,AMG2
3,-0.25,0.11,N,AMG3
4,-0.09,0.0,N,AMG4
5,-0.18,0.03,N,AMG5
6,-0.05,0.16,N,AMG6
7,-0.03,0.11,N,AMG7
8,-0.07,0.14,N,AMG8
9,0.05,0.27,Y,AMG9
10,-0.04,0.2,N,AMG10
11,-0.09,-0.02,Y,AMG11
12,-0.09,0.12,N,AMG12
13,0.01,0.35,Y,AMG13
14,-0.24,0.0,N,ATF0
15,-0.05,0.31,N,ATF1
16,-0.03,0.17,N,ATF2
17,-0.01,0.21,N,ATF3
18,-0.34,-0.12,Y,ATF4
19,0.06,0.55,Y,ATF5
20,-0.15,0.06,N,ATF6
21,-0.03,0.23,N,ATF7
22,-0.07,0.16,N,ATF8
23,-0.06,0.65,N,ATF9
24,0.0,0.79,N,ATF10
25,-0.03,0.3,N,ATF11
26,0.02,0.38,Y,ATF12
27,-0.0,0.44,N,ATF13
28,0.0,0.41,N,CAR0
29,-0.17,0.06,N,CAR1
30,0.11,0.32,Y,CAR2
31,-0.05,0.19,N,CAR3
32,-0.0,0.0,N,CAR4
33,-0.12,0.08,N,CAR5
34,-0.04,0.18,N,CAR6
35,-0.01,0.21,N,CAR7
36,-0.16,0.08,N,CAR8
37,-0.11,0.13,N,CAR9
38,-0.11,0.1,N,CAR10
39,-0.08,0.13,N,CAR11
40,-0.12,0.1,N,CAR12
41,-0.03,0.22,N,CAR13
42,-0.04,0.18,N,CF10
43,-0.06,0.17,N,CF11
44,-0.07,0.18,N,CF12
45,-0.07,0.16,N,CF13
46,-0.07,0.18,N,CF14
47,-0.17,0.06,N,CF15
48,-0.11,0.1,N,CF16
49,-0.05,0.17,N,CF17
50,-0.07,0.16,N,CF18
51,-0.25,-0.02,Y,CF19
52,-0.05,0.19,N,CF110
53,-0.14,0.08,N,CF111
54,-0.03,0.21,N,CF112
55,-0.08,0.16,N,CF113
56,-0.14,0.03,N,CF20
57,-0.02,0.12,N,CF21
58,0.05,0.23,Y,CF22
59,-0.07,0.17,N,CF23
60,-0.04,0.19,N,CF24
61,-0.16,0.01,N,CF25
62,-0.06,0.09,N,CF26
63,0.0,0.16,N,CF27
64,-0.05,0.0,N,CF28
65,0.01,0.17,Y,CF29
66,-0.06,0.15,N,CF210
67,-0.05,0.14,N,CF211
68,-0.09,0.12,N,CF212
69,-0.03,0.26,N,CF213
70,-0.13,0.06,N,CF30
71,0.0,0.0,N,CF31
72,-0.04,0.14,N,CF32
73,-0.09,0.08,N,CF33
74,-0.14,0.03,N,CF34
75,0.0,0.35,N,CF35
76,-0.08,0.1,N,CF36
77,-0.01,0.23,N,CF37
78,-0.05,0.13,N,CF38
79,0.0,0.37,N,CF39
80,0.0,0.0,N,CF310
81,-0.05,0.09,N,CF311
82,-0.05,0.13,N,CF312
83,-0.06,0.17,N,CF313
84,0.0,0.0,N,CF40
85,-0.07,0.11,N,CF41
86,0.11,0.27,Y,CF42
87,-0.15,0.02,N,CF43
88,0.01,0.05,Y,CF44
89,-0.07,0.12,N,CF45
90,-0.03,0.15,N,CF46
91,-0.04,0.13,N,CF47
92,-0.05,0.15,N,CF48
93,-0.08,0.11,N,CF49
94,-0.11,0.07,N,CF410
95,-0.05,0.12,N,CF411
96,-0.03,0.14,N,CF412
97,-0.08,0.11,N,CF413
98,0.01,0.18,Y,Falta0
99,-0.09,0.09,N,Falta1
100,-0.07,0.11,N,Falta2
101,-0.08,0.1,N,Falta3
102,-0.09,0.08,N,Falta4
103,-0.13,0.06,N,Falta5
104,-0.1,0.05,N,Falta6
105,-0.09,0.09,N,Falta7
106,-0.09,0.08,N,Falta8
107,-0.11,0.08,N,Falta9
108,-0.06,0.12,N,Falta10
109,-0.09,0.08,N,Falta11
110,-0.01,0.2,N,Falta12
111,-0.08,0.13,N,Falta13
112,-0.1,0.06,N,GCC0
113,0.01,0.16,Y,GCC1
114,0.06,0.23,Y,GCC2
115,-0.04,0.15,N,GCC3
116,0.0,0.19,N,GCC4
117,-0.13,0.04,N,GCC5
118,-0.05,0.11,N,GCC6
119,0.01,0.17,Y,GCC7
120,-0.04,0.01,N,GCC8
121,-0.05,0.1,N,GCC9
122,-0.07,0.12,N,GCC10
123,-0.1,-0.01,Y,GCC11
124,-0.06,0.15,N,GCC12
125,-0.03,0.23,N,GCC13
126,-0.09,0.07,N,GLI0
127,-0.08,0.0,N,GLI1
128,-0.03,0.14,N,GLI2
129,-0.09,0.07,N,GLI3
130,-0.13,0.02,N,GLI4
131,-0.01,0.29,N,GLI5
132,-0.07,0.1,N,GLI6
133,-0.01,0.22,N,GLI7
134,-0.05,0.13,N,GLI8
135,0.0,0.0,N,GLI9
136,0.0,0.0,N,GLI10
137,-0.06,0.03,N,GLI11
138,-0.06,0.07,N,GLI12
139,-0.04,0.09,N,GLI13
140,0.0,0.0,N,LIN0
141,0.0,0.16,N,LIN1
142,0.1,0.25,Y,LIN2
143,-0.07,0.09,N,LIN3
144,0.01,0.05,Y,LIN4
145,-0.05,0.12,N,LIN5
146,-0.02,0.14,N,LIN6
147,-0.05,0.11,N,LIN7
148,-0.08,0.08,N,LIN8
149,-0.06,0.14,N,LIN9
150,-0.1,0.06,N,LIN10
151,-0.03,0.13,N,LIN11
152,-0.04,0.11,N,LIN12
153,-0.06,0.12,N,LIN13
154,-0.06,0.11,N,LIP0
155,-0.1,0.07,N,LIP1
156,-0.08,0.07,N,LIP2
157,-0.06,0.12,N,LIP3
158,-0.1,0.04,N,LIP4
159,-0.09,0.07,N,LIP5
160,-0.11,-0.03,Y,LIP6
161,-0.09,0.07,N,LIP7
162,-0.07,0.08,N,LIP8
163,-0.11,0.06,N,LIP9
164,-0.03,0.16,N,LIP10
165,-0.07,0.1,N,LIP11
166,-0.09,0.08,N,LIP12
167,-0.09,0.11,N,LIP13
168,-0.09,0.06,N,MAC0
169,-0.02,0.12,N,MAC1
170,0.08,0.24,Y,MAC2
171,-0.04,0.04,N,MAC3
172,-0.04,0.0,N,MAC4
173,-0.1,0.06,N,MAC5
174,-0.05,0.1,N,MAC6
175,-0.02,0.13,N,MAC7
176,-0.04,0.0,N,MAC8
177,-0.03,0.12,N,MAC9
178,-0.07,0.09,N,MAC10
179,-0.05,0.09,N,MAC11
180,-0.03,0.16,N,MAC12
181,-0.04,0.19,N,MAC13
182,-0.06,0.1,N,MON0
183,-0.08,0.0,N,MON1
184,-0.02,0.15,N,MON2
185,-0.1,0.05,N,MON3
186,-0.13,0.01,N,MON4
187,-0.01,0.29,N,MON5
188,-0.1,0.05,N,MON6
189,-0.02,0.2,N,MON7
190,-0.05,0.13,N,MON8
191,0.0,0.0,N,MON9
192,0.0,0.0,N,MON10
193,-0.02,0.12,N,MON11
194,-0.06,0.06,N,MON12
195,-0.01,0.18,N,MON13
196,0.0,0.0,N,NTI0
197,0.03,0.18,Y,NTI1
198,0.11,0.25,Y,NTI2
199,-0.09,0.07,N,NTI3
200,0.0,0.05,N,NTI4
201,-0.04,0.12,N,NTI5
202,-0.06,0.09,N,NTI6
203,-0.03,0.11,N,NTI7
204,-0.08,0.06,N,NTI8
205,-0.07,0.08,N,NTI9
206,-0.09,0.06,N,NTI10
207,-0.01,0.15,N,NTI11
208,-0.03,0.11,N,NTI12
209,-0.05,0.08,N,NTI13
210,-0.02,0.14,N,OTR0
211,-0.1,0.05,N,OTR1
212,-0.06,0.08,N,OTR2
213,-0.06,0.09,N,OTR3
214,-0.07,0.09,N,OTR4
215,-0.04,0.12,N,OTR5
216,-0.12,-0.03,Y,OTR6
217,-0.07,0.08,N,OTR7
218,-0.07,0.08,N,OTR8
219,-0.07,0.09,N,OTR9
220,-0.04,0.15,N,OTR10
221,-0.08,0.08,N,OTR11
222,-0.06,0.09,N,OTR12
223,-0.07,0.09,N,OTR13
224,-0.07,0.07,N,OXA0
225,-0.03,0.12,N,OXA1
226,0.06,0.21,Y,OXA2
227,-0.04,0.04,N,OXA3
228,-0.04,0.0,N,OXA4
229,-0.1,0.05,N,OXA5
230,-0.04,0.11,N,OXA6
231,-0.05,0.08,N,OXA7
232,-0.08,0.0,N,OXA8
233,-0.03,0.12,N,OXA9
234,-0.07,0.1,N,OXA10
235,-0.04,0.01,N,OXA11
236,-0.02,0.15,N,OXA12
237,-0.03,0.2,N,OXA13
238,-0.04,0.09,N,PAP0
239,-0.08,0.0,N,PAP1
240,-0.0,0.15,N,PAP2
241,-0.13,0.01,N,PAP3
242,-0.12,0.01,N,PAP4
243,-0.01,0.29,N,PAP5
244,-0.07,0.07,N,PAP6
245,-0.05,0.15,N,PAP7
246,-0.05,0.13,N,PAP8
247,0.0,0.0,N,PAP9
248,0.0,0.4,N,PAP10
249,-0.07,0.06,N,PAP11
250,-0.04,0.15,N,PAP12
251,-0.05,0.11,N,PAP13
252,0.0,0.4,N,PEN0
253,-0.04,0.1,N,PEN1
254,0.12,0.25,Y,PEN2
255,-0.02,0.11,N,PEN3
256,0.01,0.05,Y,PEN4
257,-0.05,0.11,N,PEN5
258,-0.05,0.09,N,PEN6
259,-0.05,0.09,N,PEN7
260,-0.02,0.11,N,PEN8
261,-0.04,0.06,N,PEN9
262,-0.09,0.05,N,PEN10
263,-0.01,0.15,N,PEN11
264,-0.04,0.09,N,PEN12
265,-0.08,0.04,N,PEN13
266,-0.03,0.12,N,POL0
267,-0.08,0.05,N,POL1
268,-0.05,0.09,N,POL2
269,-0.03,0.13,N,POL3
270,-0.05,0.1,N,POL4
271,-0.06,0.08,N,POL5
272,-0.08,0.05,N,POL6
273,-0.04,0.1,N,POL7
274,-0.06,0.07,N,POL8
275,-0.07,0.08,N,POL9
276,-0.03,0.13,N,POL10
277,-0.07,0.07,N,POL11
278,-0.04,0.12,N,POL12
279,-0.06,0.07,N,POL13
280,-0.08,0.04,N,QUI0
281,-0.05,0.09,N,QUI1
282,0.05,0.2,Y,QUI2
283,-0.03,0.01,N,QUI3
284,-0.04,0.0,N,QUI4
285,-0.1,0.04,N,QUI5
286,-0.06,0.07,N,QUI6
287,-0.06,0.07,N,QUI7
288,-0.09,0.0,N,QUI8
289,-0.02,0.13,N,QUI9
290,-0.07,0.07,N,QUI10
291,-0.02,0.16,N,QUI11
292,-0.03,0.12,N,QUI12
293,-0.06,0.07,N,QUI13
294,-0.05,0.07,N,SUL0
295,-0.08,0.0,N,SUL1
296,0.01,0.16,Y,SUL2
297,-0.12,0.01,N,SUL3
298,-0.09,0.04,N,SUL4
299,-0.02,0.15,N,SUL5
300,-0.07,0.06,N,SUL6
301,-0.03,0.16,N,SUL7
302,-0.04,0.14,N,SUL8
303,0.0,0.0,N,SUL9
304,0.0,0.0,N,SUL10
305,-0.06,0.07,N,SUL11
306,-0.05,0.07,N,SUL12
307,-0.02,0.12,N,SUL13
308,0.0,0.0,N,TTC0
309,-0.01,0.13,N,TTC1
310,0.09,0.21,Y,TTC2
311,-0.05,0.09,N,TTC3
312,0.01,0.14,Y,TTC4
313,-0.06,0.07,N,TTC5
314,-0.03,0.11,N,TTC6
315,-0.03,0.11,N,TTC7
316,-0.06,0.07,N,TTC8
317,-0.07,-0.01,Y,TTC9
318,-0.06,0.07,N,TTC10
319,0.01,0.16,Y,TTC11
320,-0.04,0.09,N,TTC12
321,-0.1,0.02,N,TTC13
322,-0.0,0.14,N,pc_acinet0
323,-0.07,0.05,N,pc_acinet1
324,-0.06,0.07,N,pc_acinet2
325,-0.04,0.1,N,pc_acinet3
326,-0.06,0.06,N,pc_acinet4
327,-0.04,0.09,N,pc_acinet5
328,-0.06,0.03,N,pc_acinet6
329,-0.04,0.09,N,pc_acinet7
330,-0.08,0.05,N,pc_acinet8
331,-0.06,0.08,N,pc_acinet9
332,-0.03,0.11,N,pc_acinet10
333,-0.04,0.09,N,pc_acinet11
334,-0.04,0.1,N,pc_acinet12
335,-0.07,0.05,N,pc_acinet13
336,-0.07,0.04,N,pc_enterob0
337,-0.04,0.1,N,pc_enterob1
338,0.04,0.18,Y,pc_enterob2
339,-0.03,0.01,N,pc_enterob3
340,-0.06,0.0,N,pc_enterob4
341,-0.07,0.05,N,pc_enterob5
342,-0.06,0.07,N,pc_enterob6
343,-0.08,0.05,N,pc_enterob7
344,-0.06,0.0,N,pc_enterob8
345,0.01,0.16,Y,pc_enterob9
346,-0.07,0.03,N,pc_enterob10
347,-0.03,0.11,N,pc_enterob11
348,-0.02,0.14,N,pc_enterob12
349,-0.04,0.01,N,pc_enterob13
350,-0.04,0.07,N,pc_enteroc0
351,-0.08,0.0,N,pc_enteroc1
352,-0.01,0.13,N,pc_enteroc2
353,-0.11,0.01,N,pc_enteroc3
354,-0.08,0.02,N,pc_enteroc4
355,-0.03,0.0,N,pc_enteroc5
356,-0.07,0.06,N,pc_enteroc6
357,-0.02,0.1,N,pc_enteroc7
358,-0.02,0.15,N,pc_enteroc8
359,0.0,0.0,N,pc_enteroc9
360,0.0,0.0,N,pc_enteroc10
361,-0.05,0.03,N,pc_enteroc11
362,-0.02,0.14,N,pc_enteroc12
363,-0.02,0.01,N,pc_enteroc13
364,0.0,0.0,N,pc_pseud0
365,0.02,0.14,Y,pc_pseud1
366,0.09,0.2,Y,pc_pseud2
367,-0.07,0.05,N,pc_pseud3
368,-0.04,0.11,N,pc_pseud4
369,-0.07,0.06,N,pc_pseud5
370,-0.02,0.1,N,pc_pseud6
371,-0.0,0.13,N,pc_pseud7
372,-0.03,0.1,N,pc_pseud8
373,-0.05,0.06,N,pc_pseud9
374,-0.06,0.05,N,pc_pseud10
375,0.03,0.18,Y,pc_pseud11
376,-0.07,0.05,N,pc_pseud12
377,-0.05,0.07,N,pc_pseud13
378,-0.01,0.13,N,pc_staph0
379,-0.03,0.1,N,pc_staph1
380,-0.03,0.09,N,pc_staph2
381,-0.02,0.12,N,pc_staph3
382,-0.04,0.09,N,pc_staph4
383,-0.03,0.1,N,pc_staph5
384,-0.06,0.06,N,pc_staph6
385,-0.05,0.07,N,pc_staph7
386,-0.11,0.01,N,pc_staph8
387,-0.06,0.05,N,pc_staph9
388,-0.05,0.06,N,pc_staph10
389,-0.05,0.07,N,pc_staph11
390,-0.05,0.08,N,pc_staph12
391,-0.07,0.02,N,pc_staph13
392,-0.04,0.06,N,pc_stenot0
393,-0.05,0.09,N,pc_stenot1
394,0.03,0.15,Y,pc_stenot2
395,-0.02,0.01,N,pc_stenot3
396,-0.06,0.0,N,pc_stenot4
397,-0.03,0.08,N,pc_stenot5
398,-0.05,0.08,N,pc_stenot6
399,-0.08,0.06,N,pc_stenot7
400,-0.04,0.0,N,pc_stenot8
401,-0.02,0.12,N,pc_stenot9
402,-0.06,0.04,N,pc_stenot10
403,-0.03,0.11,N,pc_stenot11
404,-0.02,0.14,N,pc_stenot12
405,-0.03,0.01,N,pc_stenot13
406,-0.02,0.1,N,pc_no_germ0
407,-0.08,0.0,N,pc_no_germ1
408,0.0,0.14,N,pc_no_germ2
409,-0.09,0.02,N,pc_no_germ3
410,-0.06,0.03,N,pc_no_germ4
411,-0.03,0.0,N,pc_no_germ5
412,-0.02,0.1,N,pc_no_germ6
413,-0.03,0.09,N,pc_no_germ7
414,-0.01,0.21,N,pc_no_germ8
415,0.0,0.0,N,pc_no_germ9
416,0.0,0.0,N,pc_no_germ10
417,-0.03,0.16,N,pc_no_germ11
418,-0.03,0.13,N,pc_no_germ12
419,-0.02,0.07,N,pc_no_germ13
420,0.0,0.0,N,isVM0
421,-0.01,0.11,N,isVM1
422,0.09,0.2,Y,isVM2
423,-0.05,0.06,N,isVM3
424,-0.11,0.05,N,isVM4
425,-0.06,0.06,N,isVM5
426,-0.03,0.1,N,isVM6
427,0.01,0.13,Y,isVM7
428,-0.04,0.08,N,isVM8
429,-0.05,0.06,N,isVM9
430,-0.04,0.05,N,isVM10
431,0.01,0.15,Y,isVM11
432,-0.04,0.08,N,isVM12
433,-0.06,0.05,N,isVM13
434,0.0,0.14,N,numberOfPatients0
435,-0.06,0.05,N,numberOfPatients1
436,-0.05,0.07,N,numberOfPatients2
437,-0.04,0.08,N,numberOfPatients3
438,-0.03,0.1,N,numberOfPatients4
439,-0.03,0.1,N,numberOfPatients5
440,-0.08,-0.02,Y,numberOfPatients6
441,-0.03,0.08,N,numberOfPatients7
442,-0.12,-0.01,Y,numberOfPatients8
443,-0.07,0.05,N,numberOfPatients9
444,-0.04,0.06,N,numberOfPatients10
445,-0.05,0.08,N,numberOfPatients11
446,-0.06,0.06,N,numberOfPatients12
447,-0.05,0.04,N,numberOfPatients13
448,-0.05,0.05,N,numberOfPatientsMR0
449,-0.05,0.09,N,numberOfPatientsMR1
450,0.02,0.15,Y,numberOfPatientsMR2
451,-0.0,0.01,N,numberOfPatientsMR3
452,-0.06,0.0,N,numberOfPatientsMR4
453,-0.03,0.09,N,numberOfPatientsMR5
454,-0.04,0.09,N,numberOfPatientsMR6
455,-0.08,0.06,N,numberOfPatientsMR7
456,-0.04,0.0,N,numberOfPatientsMR8
457,-0.01,0.14,N,numberOfPatientsMR9
458,-0.04,0.06,N,numberOfPatientsMR10
459,-0.04,0.1,N,numberOfPatientsMR11
460,-0.04,0.1,N,numberOfPatientsMR12
461,-0.03,0.0,N,numberOfPatientsMR13
462,-0.02,0.1,N,neighbor_AMG0
463,-0.0,0.0,N,neighbor_AMG1
464,0.01,0.15,Y,neighbor_AMG2
465,-0.08,0.02,N,neighbor_AMG3
466,-0.05,0.04,N,neighbor_AMG4
467,-0.03,0.0,N,neighbor_AMG5
468,-0.0,0.11,N,neighbor_AMG6
469,-0.03,0.07,N,neighbor_AMG7
470,-0.01,0.2,N,neighbor_AMG8
471,-0.0,0.0,N,neighbor_AMG9
472,-0.0,0.0,N,neighbor_AMG10
473,-0.01,0.12,N,neighbor_AMG11
474,-0.01,0.09,N,neighbor_AMG12
475,-0.01,0.07,N,neighbor_AMG13
476,-0.0,0.41,N,neighbor_ATF0
477,0.01,0.12,Y,neighbor_ATF1
478,0.07,0.17,Y,neighbor_ATF2
479,-0.06,0.05,N,neighbor_ATF3
480,-0.1,0.06,N,neighbor_ATF4
481,-0.05,0.07,N,neighbor_ATF5
482,-0.03,0.08,N,neighbor_ATF6
483,-0.0,0.12,N,neighbor_ATF7
484,-0.04,0.07,N,neighbor_ATF8
485,-0.04,0.09,N,neighbor_ATF9
486,-0.03,0.07,N,neighbor_ATF10
487,0.0,0.14,N,neighbor_ATF11
488,-0.04,0.07,N,neighbor_ATF12
489,-0.05,0.05,N,neighbor_ATF13
490,-0.04,0.08,N,neighbor_CAR0
491,-0.08,0.02,N,neighbor_CAR1
492,-0.04,0.09,N,neighbor_CAR2
493,-0.05,0.05,N,neighbor_CAR3
494,-0.04,0.08,N,neighbor_CAR4
495,-0.03,0.1,N,neighbor_CAR5
496,-0.09,-0.02,Y,neighbor_CAR6
497,-0.02,0.09,N,neighbor_CAR7
498,-0.13,-0.03,Y,neighbor_CAR8
499,-0.06,0.05,N,neighbor_CAR9
500,-0.06,0.04,N,neighbor_CAR10
501,-0.05,0.07,N,neighbor_CAR11
502,-0.04,0.08,N,neighbor_CAR12
503,-0.04,0.05,N,neighbor_CAR13
504,-0.04,0.06,N,neighbor_CF10
505,-0.05,0.09,N,neighbor_CF11
506,0.02,0.14,Y,neighbor_CF12
507,-0.0,0.01,N,neighbor_CF13
508,-0.05,0.0,N,neighbor_CF14
509,-0.02,0.08,N,neighbor_CF15
510,-0.05,0.06,N,neighbor_CF16
511,-0.07,0.06,N,neighbor_CF17
512,-0.03,0.16,N,neighbor_CF18
513,0.01,0.15,Y,neighbor_CF19
514,-0.03,0.05,N,neighbor_CF110
515,-0.04,0.11,N,neighbor_CF111
516,-0.03,0.1,N,neighbor_CF112
517,-0.02,0.0,N,neighbor_CF113
518,-0.03,0.07,N,neighbor_CF20
519,-0.0,0.0,N,neighbor_CF21
520,-0.0,0.14,N,neighbor_CF22
521,-0.07,0.03,N,neighbor_CF23
522,-0.05,0.04,N,neighbor_CF24
523,-0.0,0.0,N,neighbor_CF25
524,-0.01,0.1,N,neighbor_CF26
525,-0.03,0.07,N,neighbor_CF27
526,-0.01,0.2,N,neighbor_CF28
527,-0.0,0.0,N,neighbor_CF29
528,-0.0,0.0,N,neighbor_CF210
529,-0.04,0.06,N,neighbor_CF211
530,-0.01,0.12,N,neighbor_CF212
531,-0.02,0.01,N,neighbor_CF213
532,-0.0,0.0,N,neighbor_CF30
533,-0.01,0.09,N,neighbor_CF31
534,0.06,0.16,Y,neighbor_CF32
535,-0.02,0.08,N,neighbor_CF33
536,-0.09,0.07,N,neighbor_CF34
537,-0.02,0.09,N,neighbor_CF35
538,-0.03,0.08,N,neighbor_CF36
539,-0.01,0.1,N,neighbor_CF37
540,-0.05,0.03,N,neighbor_CF38
541,-0.03,0.1,N,neighbor_CF39
542,-0.03,0.06,N,neighbor_CF310
543,0.01,0.14,Y,neighbor_CF311
544,-0.04,0.06,N,neighbor_CF312
545,-0.02,0.08,N,neighbor_CF313
546,-0.02,0.09,N,neighbor_CF40
547,-0.08,0.01,N,neighbor_CF41
548,-0.03,0.07,N,neighbor_CF42
549,-0.02,0.08,N,neighbor_CF43
550,-0.04,0.08,N,neighbor_CF44
551,-0.04,0.06,N,neighbor_CF45
552,-0.06,-0.01,Y,neighbor_CF46
553,-0.03,0.09,N,neighbor_CF47
554,-0.11,-0.01,Y,neighbor_CF48
555,-0.03,0.06,N,neighbor_CF49
556,-0.03,0.1,N,neighbor_CF410
557,-0.05,0.06,N,neighbor_CF411
558,-0.05,0.04,N,neighbor_CF412
559,-0.03,0.07,N,neighbor_CF413
560,-0.04,0.05,N,neighbor_Falta0
561,-0.03,0.11,N,neighbor_Falta1
562,0.0,0.12,N,neighbor_Falta2
563,-0.0,0.01,N,neighbor_Falta3
564,-0.06,0.0,N,neighbor_Falta4
565,-0.02,0.07,N,neighbor_Falta5
566,-0.05,0.08,N,neighbor_Falta6
567,-0.06,0.08,N,neighbor_Falta7
568,-0.03,0.16,N,neighbor_Falta8
569,0.0,0.14,N,neighbor_Falta9
570,-0.04,0.03,N,neighbor_Falta10
571,-0.04,0.11,N,neighbor_Falta11
572,-0.05,0.03,N,neighbor_Falta12
573,-0.02,0.0,N,neighbor_Falta13
574,-0.03,0.07,N,neighbor_GCC0
575,-0.0,0.0,N,neighbor_GCC1
576,-0.03,0.1,N,neighbor_GCC2
577,-0.04,0.06,N,neighbor_GCC3
578,-0.04,0.04,N,neighbor_GCC4
579,-0.04,0.0,N,neighbor_GCC5
580,-0.01,0.09,N,neighbor_GCC6
581,-0.03,0.04,N,neighbor_GCC7
582,-0.02,0.15,N,neighbor_GCC8
583,-0.0,0.0,N,neighbor_GCC9
584,-0.0,0.0,N,neighbor_GCC10
585,-0.04,0.04,N,neighbor_GCC11
586,-0.04,0.04,N,neighbor_GCC12
587,-0.02,0.0,N,neighbor_GCC13
588,-0.0,0.0,N,neighbor_GLI0
589,-0.04,0.06,N,neighbor_GLI1
590,0.05,0.14,Y,neighbor_GLI2
591,-0.03,0.07,N,neighbor_GLI3
592,-0.06,0.1,N,neighbor_GLI4
593,-0.03,0.07,N,neighbor_GLI5
594,-0.04,0.07,N,neighbor_GLI6
595,-0.02,0.08,N,neighbor_GLI7
596,-0.06,0.01,N,neighbor_GLI8
597,-0.04,0.09,N,neighbor_GLI9
598,-0.04,0.04,N,neighbor_GLI10
599,0.01,0.15,Y,neighbor_GLI11
600,-0.03,0.08,N,neighbor_GLI12
601,-0.02,0.09,N,neighbor_GLI13
602,-0.03,0.09,N,neighbor_LIN0
603,-0.04,0.06,N,neighbor_LIN1
604,-0.01,0.1,N,neighbor_LIN2
605,-0.03,0.07,N,neighbor_LIN3
606,-0.03,0.08,N,neighbor_LIN4
607,-0.04,0.05,N,neighbor_LIN5
608,-0.04,0.0,N,neighbor_LIN6
609,-0.06,0.05,N,neighbor_LIN7
610,-0.09,0.01,N,neighbor_LIN8
611,-0.02,0.08,N,neighbor_LIN9
612,-0.01,0.11,N,neighbor_LIN10
613,-0.05,0.05,N,neighbor_LIN11
614,-0.05,0.03,N,neighbor_LIN12
615,-0.01,0.08,N,neighbor_LIN13
616,-0.03,0.04,N,neighbor_LIP0
617,-0.02,0.12,N,neighbor_LIP1
618,-0.01,0.11,N,neighbor_LIP2
619,-0.01,0.0,N,neighbor_LIP3
620,-0.06,0.0,N,neighbor_LIP4
621,-0.03,0.05,N,neighbor_LIP5
622,-0.06,0.06,N,neighbor_LIP6
623,-0.07,0.06,N,neighbor_LIP7
624,-0.03,0.16,N,neighbor_LIP8
625,-0.0,0.13,N,neighbor_LIP9
626,-0.04,0.03,N,neighbor_LIP10
627,-0.05,0.1,N,neighbor_LIP11
628,-0.04,0.03,N,neighbor_LIP12
629,-0.02,0.0,N,neighbor_LIP13
630,-0.03,0.05,N,neighbor_MAC0
631,-0.0,0.0,N,neighbor_MAC1
632,-0.03,0.11,N,neighbor_MAC2
633,-0.04,0.05,N,neighbor_MAC3
634,-0.04,0.02,N,neighbor_MAC4
635,-0.04,0.0,N,neighbor_MAC5
636,-0.03,0.06,N,neighbor_MAC6
637,-0.03,0.05,N,neighbor_MAC7
638,-0.02,0.1,N,neighbor_MAC8
639,-0.0,0.0,N,neighbor_MAC9
640,-0.0,0.4,N,neighbor_MAC10
641,-0.06,-0.01,Y,neighbor_MAC11
642,-0.04,0.05,N,neighbor_MAC12
643,-0.02,0.0,N,neighbor_MAC13
644,-0.0,0.0,N,neighbor_MON0
645,-0.04,0.05,N,neighbor_MON1
646,0.03,0.12,Y,neighbor_MON2
647,-0.05,0.04,N,neighbor_MON3
648,-0.01,0.17,N,neighbor_MON4
649,-0.02,0.08,N,neighbor_MON5
650,-0.03,0.08,N,neighbor_MON6
651,-0.04,0.06,N,neighbor_MON7
652,-0.07,-0.0,N,neighbor_MON8
653,-0.02,0.07,N,neighbor_MON9
654,-0.05,0.03,N,neighbor_MON10
655,0.01,0.14,Y,neighbor_MON11
656,-0.05,0.07,N,neighbor_MON12
657,-0.02,0.08,N,neighbor_MON13
658,-0.03,0.08,N,neighbor_NTI0
659,-0.04,0.05,N,neighbor_NTI1
660,-0.03,0.08,N,neighbor_NTI2
661,-0.01,0.09,N,neighbor_NTI3
662,-0.03,0.07,N,neighbor_NTI4
663,-0.04,0.03,N,neighbor_NTI5
664,-0.02,0.0,N,neighbor_NTI6
665,-0.06,0.04,N,neighbor_NTI7
666,-0.06,0.04,N,neighbor_NTI8
667,-0.03,0.06,N,neighbor_NTI9
668,-0.0,0.11,N,neighbor_NTI10
669,-0.04,0.06,N,neighbor_NTI11
670,-0.03,0.04,N,neighbor_NTI12
671,-0.01,0.06,N,neighbor_NTI13
672,-0.03,0.04,N,neighbor_OTR0
673,-0.01,0.13,N,neighbor_OTR1
674,-0.0,0.1,N,neighbor_OTR2
675,-0.01,0.01,N,neighbor_OTR3
676,-0.06,0.0,N,neighbor_OTR4
677,-0.03,0.04,N,neighbor_OTR5
678,-0.03,0.09,N,neighbor_OTR6
679,-0.06,0.08,N,neighbor_OTR7
680,-0.03,0.16,N,neighbor_OTR8
681,0.0,0.14,N,neighbor_OTR9
682,-0.03,0.03,N,neighbor_OTR10
683,-0.05,0.1,N,neighbor_OTR11
684,-0.03,0.04,N,neighbor_OTR12
685,-0.02,0.0,N,neighbor_OTR13
686,-0.04,0.03,N,neighbor_OXA0
687,-0.0,0.0,N,neighbor_OXA1
688,-0.02,0.1,N,neighbor_OXA2
689,-0.05,0.03,N,neighbor_OXA3
690,-0.03,0.03,N,neighbor_OXA4
691,-0.0,0.0,N,neighbor_OXA5
692,-0.04,0.05,N,neighbor_OXA6
693,-0.02,0.07,N,neighbor_OXA7
694,-0.02,0.15,N,neighbor_OXA8
695,-0.0,0.0,N,neighbor_OXA9
696,-0.0,0.0,N,neighbor_OXA10
697,-0.06,0.03,N,neighbor_OXA11
698,-0.03,0.0,N,neighbor_OXA12
699,-0.0,0.0,N,neighbor_OXA13
700,-0.0,0.56,N,neighbor_PAP0
701,-0.01,0.08,N,neighbor_PAP1
702,0.04,0.12,Y,neighbor_PAP2
703,-0.06,0.02,N,neighbor_PAP3
704,-0.01,0.17,N,neighbor_PAP4
705,-0.03,0.07,N,neighbor_PAP5
706,-0.04,0.06,N,neighbor_PAP6
707,-0.04,0.05,N,neighbor_PAP7
708,-0.06,0.01,N,neighbor_PAP8
709,-0.03,0.06,N,neighbor_PAP9
710,-0.05,0.03,N,neighbor_PAP10
711,0.01,0.14,Y,neighbor_PAP11
712,-0.05,0.05,N,neighbor_PAP12
713,-0.03,0.03,N,neighbor_PAP13
714,-0.04,0.06,N,neighbor_PEN0
715,-0.04,0.05,N,neighbor_PEN1
716,-0.03,0.1,N,neighbor_PEN2
717,-0.01,0.1,N,neighbor_PEN3
718,-0.04,0.06,N,neighbor_PEN4
719,-0.06,0.01,N,neighbor_PEN5
720,-0.01,0.06,N,neighbor_PEN6
721,-0.06,0.04,N,neighbor_PEN7
722,-0.05,0.05,N,neighbor_PEN8
723,-0.05,0.03,N,neighbor_PEN9
724,-0.02,0.08,N,neighbor_PEN10
725,-0.04,0.05,N,neighbor_PEN11
726,-0.04,0.05,N,neighbor_PEN12
727,-0.02,0.05,N,neighbor_PEN13
728,-0.03,0.02,N,neighbor_POL0
729,-0.03,0.11,N,neighbor_POL1
730,0.0,0.1,N,neighbor_POL2
731,-0.01,0.0,N,neighbor_POL3
732,-0.0,0.0,N,neighbor_POL4
733,-0.03,0.02,N,neighbor_POL5
734,-0.01,0.1,N,neighbor_POL6
735,-0.05,0.08,N,neighbor_POL7
736,-0.03,0.16,N,neighbor_POL8
737,0.01,0.13,Y,neighbor_POL9
738,-0.03,0.03,N,neighbor_POL10
739,-0.05,0.15,N,neighbor_POL11
740,-0.02,0.07,N,neighbor_POL12
741,-0.02,0.0,N,neighbor_POL13
742,-0.03,0.03,N,neighbor_QUI0
743,-0.0,0.0,N,neighbor_QUI1
744,-0.03,0.09,N,neighbor_QUI2
745,-0.05,0.03,N,neighbor_QUI3
746,-0.03,0.03,N,neighbor_QUI4
747,-0.0,0.0,N,neighbor_QUI5
748,-0.06,0.01,N,neighbor_QUI6
749,-0.02,0.05,N,neighbor_QUI7
750,-0.02,0.15,N,neighbor_QUI8
751,-0.0,0.0,N,neighbor_QUI9
752,-0.0,0.0,N,neighbor_QUI10
753,-0.06,-0.01,Y,neighbor_QUI11
754,-0.04,0.1,N,neighbor_QUI12
755,-0.0,0.07,N,neighbor_QUI13
756,-0.0,0.0,N,neighbor_SUL0
757,-0.04,0.05,N,neighbor_SUL1
758,0.05,0.12,Y,neighbor_SUL2
759,-0.04,0.03,N,neighbor_SUL3
760,-0.03,0.14,N,neighbor_SUL4
761,-0.02,0.07,N,neighbor_SUL5
762,-0.03,0.07,N,neighbor_SUL6
763,-0.03,0.06,N,neighbor_SUL7
764,-0.04,0.03,N,neighbor_SUL8
765,-0.02,0.07,N,neighbor_SUL9
766,-0.06,0.01,N,neighbor_SUL10
767,0.02,0.14,Y,neighbor_SUL11
768,-0.04,0.05,N,neighbor_SUL12
769,-0.03,0.05,N,neighbor_SUL13
770,-0.03,0.06,N,neighbor_TTC0
771,-0.04,0.04,N,neighbor_TTC1
772,-0.03,0.09,N,neighbor_TTC2
773,0.0,0.12,N,neighbor_TTC3
774,-0.04,0.06,N,neighbor_TTC4
775,-0.05,0.01,N,neighbor_TTC5
776,-0.02,0.0,N,neighbor_TTC6
777,-0.05,0.03,N,neighbor_TTC7
778,-0.06,0.03,N,neighbor_TTC8
779,-0.05,0.02,N,neighbor_TTC9
780,-0.01,0.09,N,neighbor_TTC10
781,-0.06,0.03,N,neighbor_TTC11
782,-0.04,0.04,N,neighbor_TTC12
783,-0.01,0.07,N,neighbor_TTC13
